"mov_id","mov_title"
"31437","Nobody Knows (Dare mo shiranai) (2004)"
"74154","When in Rome (2010)"
"112940","A Most Wanted Man (2014)"
"1834","Spanish Prisoner, The (1997)"
"5956","Gangs of New York (2002)"
"3861","Replacements, The (2000)"
"2052","Hocus Pocus (1993)"
"149146","Parasyte: Part 2 (2015)"
"7573","Never Say Never Again (1983)"
"6782","Leningrad Cowboys Go America (1989)"
"36401","Brothers Grimm, The (2005)"
"50158","Stomp the Yard (2007)"
"50658","49 Up (2005)"
"119","Steal Big, Steal Little (1995)"
"3770","Dreamscape (1984)"
"4564","Always (1989)"
"3791","Footloose (1984)"
"5390","CQ (2001)"
"328","Tales from the Crypt Presents: Demon Knight (1995)"
"4240","Just Visiting (2001)"
"3159","Fantasia 2000 (1999)"
"4433","Written on the Wind (1956)"
"8808","Princess Diaries 2: Royal Engagement, The (2004)"
"113278","Batman: Assault on Arkham (2014)"
"3831","Saving Grace (2000)"
"4644","Bread and Tulips (Pane e tulipani) (2000)"
"4306","Shrek (2001)"
"4139","No Man's Land (1987)"
"54962","Nines, The (2007)"
"98908","How to Make Love to a Woman (2010)"
"68848","Brothers Bloom, The (2008)"
"247","Heavenly Creatures (1994)"
"3706","Angel Heart (1987)"
"8799","Little Black Book (2004)"
"8718","Snake Pit, The (1948)"
"6064","Harder They Fall, The (1956)"
"140289","Men & Chicken (2015)"
"2024","Rapture, The (1991)"
"223","Clerks (1994)"
"91500","The Hunger Games (2012)"
"7323","Good bye, Lenin! (2003)"
"26231","Performance (1970)"
"7570","Octopussy (1983)"
"5580","Aspen Extreme (1993)"
"2754","Deadtime Stories (1987)"
"33725","It's All Gone Pete Tong (2004)"
"73344","Prophet, A (Un Proph√®te) (2009)"
"6335","Dancer Upstairs, The (2002)"
"2141","American Tail, An (1986)"
"91622","Young Adult (2011)"
